Workbook

Sheet data
A1: Patient ID | B1: First Name | C1: Last Name | D1: Age | E1: Gender | F1: X-ray Type | G1: Result | H1: Date | I1: Condition | J1: categories | K1: Full Name + age
A2: 1 | B2: John | C2: Doe | D2: 30 | E2: Male | F2: Chest | G2: Negative | H2: 45292 | I2: =IF(G2="Positive","Abnormal","Normal") -> Normal | J2: =IF(G2="Negative","Normal",IF(G2="Positive","Abnormal","further test Required")) -> Normal | K2: =CONCATENATE(B2," ",data!C2,",",data!D2) -> John Doe,30
A3: 2 | B3: Jane | C3: Smith | D3: 42 | E3: Female | F3: Abdomen | G3: Positive | H3: 45352 | I3: =IF(G3="Positive","Abnormal","Normal") -> Abnormal | J3: =IF(G3="Negative","Normal",IF(G3="Positive","Abnormal","further test Required")) -> Abnormal | K3: =CONCATENATE(B3," ",data!C3,",",data!D3) -> Jane Smith,42
A4: 3 | B4: Mike | C4: Johnson | D4: 22 | E4: Male | F4: Chest | G4: Positive | H4: 45413 | I4: =IF(G4="Positive","Abnormal","Normal") -> Abnormal | J4: =IF(G4="Negative","Normal",IF(G4="Positive","Abnormal","further test Required")) -> Abnormal | K4: =CONCATENATE(B4," ",data!C4,",",data!D4) -> Mike Johnson,22
A5: 4 | B5: Mary | C5: Brown | D5: 60 | E5: Female | F5: Chest | G5: Negative | H5: 45293 | I5: =IF(G5="Positive","Abnormal","Normal") -> Normal | J5: =IF(G5="Negative","Normal",IF(G5="Positive","Abnormal","further test Required")) -> Normal | K5: =CONCATENATE(B5," ",data!C5,",",data!D5) -> Mary Brown,60
A6: 5 | B6: Steve | C6: White | D6: 35 | E6: Male | F6: Spine | G6: Negative | H6: 45475 | I6: =IF(G6="Positive","Abnormal","Normal") -> Normal | J6: =IF(G6="Negative","Normal",IF(G6="Positive","Abnormal","further test Required")) -> Normal | K6: =CONCATENATE(B6," ",data!C6,",",data!D6) -> Steve White,35
A7: 6 | B7: Susan | C7: Clark | D7: 50 | E7: Female | F7: Abdomen | G7: Inconclusive | H7: 45567 | I7: =IF(G7="Positive","Abnormal","Normal") -> Normal | J7: =IF(G7="Negative","Normal",IF(G7="Positive","Abnormal","further test Required")) -> further test Required | K7: =CONCATENATE(B7," ",data!C7,",",data!D7) -> Susan Clark,50
A8: 7 | B8: Alan | C8: Lewis | D8: 28 | E8: Male | F8: Chest | G8: Negative | H8: 45294 | I8: =IF(G8="Positive","Abnormal","Normal") -> Normal | J8: =IF(G8="Negative","Normal",IF(G8="Positive","Abnormal","further test Required")) -> Normal | K8: =CONCATENATE(B8," ",data!C8,",",data!D8) -> Alan Lewis,28
A9: 8 | B9: Nancy | C9: Harris | D9: 45 | E9: Female | F9: Chest | G9: Positive | H9: 03/15/2024 | I9: =IF(G9="Positive","Abnormal","Normal") -> Abnormal | J9: =IF(G9="Negative","Normal",IF(G9="Positive","Abnormal","further test Required")) -> Abnormal | K9: =CONCATENATE(B9," ",data!C9,",",data!D9) -> Nancy Harris,45
A10: 9 | B10: Tom | C10: Martin | D10: 33 | E10: Male | F10: Abdomen | G10: Negative | H10: 45295 | I10: =IF(G10="Positive","Abnormal","Normal") -> Normal | J10: =IF(G10="Negative","Normal",IF(G10="Positive","Abnormal","further test Required")) -> Normal | K10: =CONCATENATE(B10," ",data!C10,",",data!D10) -> Tom Martin,33
A11: 10 | B11: Rita | C11: Carter | D11: 56 | E11: Female | F11: Spine | G11: Positive | H11: 45569 | I11: =IF(G11="Positive","Abnormal","Normal") -> Abnormal | J11: =IF(G11="Negative","Normal",IF(G11="Positive","Abnormal","further test Required")) -> Abnormal | K11: =CONCATENATE(B11," ",data!C11,",",data!D11) -> Rita Carter,56
A12: 11 | B12: James | C12: Walker | D12: 29 | E12: Male | F12: Chest | G12: Negative | H12: 04/15/2024 | I12: =IF(G12="Positive","Abnormal","Normal") -> Normal | J12: =IF(G12="Negative","Normal",IF(G12="Positive","Abnormal","further test Required")) -> Normal | K12: =CONCATENATE(B12," ",data!C12,",",data!D12) -> James Walker,29
A13: 12 | B13: Emily | C13: Perez | D13: 40 | E13: Female | F13: Abdomen | G13: Positive | H13: 45296 | I13: =IF(G13="Positive","Abnormal","Normal") -> Abnormal | J13: =IF(G13="Negative","Normal",IF(G13="Positive","Abnormal","further test Required")) -> Abnormal | K13: =CONCATENATE(B13," ",data!C13,",",data!D13) -> Emily Perez,40
A14: 13 | B14: Mark | C14: Evans | D14: 65 | E14: Male | F14: Chest | G14: Inconclusive | H14: 05/15/2024 | I14: =IF(G14="Positive","Abnormal","Normal") -> Normal | J14: =IF(G14="Negative","Normal",IF(G14="Positive","Abnormal","further test Required")) -> further test Required | K14: =CONCATENATE(B14," ",data!C14,",",data!D14) -> Mark Evans,65
A15: 14 | B15: Sarah | C15: Allen | D15: 38 | E15: Female | F15: Spine | G15: Negative | H15: 45297 | I15: =IF(G15="Positive","Abnormal","Normal") -> Normal | J15: =IF(G15="Negative","Normal",IF(G15="Positive","Abnormal","further test Required")) -> Normal | K15: =CONCATENATE(B15," ",data!C15,",",data!D15) -> Sarah Allen,38
A16: 15 | B16: David | C16: King | D16: 72 | E16: Male | F16: Abdomen | G16: Positive | H16: 06/15/2024 | I16: =IF(G16="Positive","Abnormal","Normal") -> Abnormal | J16: =IF(G16="Negative","Normal",IF(G16="Positive","Abnormal","further test Required")) -> Abnormal | K16: =CONCATENATE(B16," ",data!C16,",",data!D16) -> David King,72
A17: 16 | B17: Linda | C17: Scott | D17: 47 | E17: Female | F17: Chest | G17: Negative | H17: 45298 | I17: =IF(G17="Positive","Abnormal","Normal") -> Normal | J17: =IF(G17="Negative","Normal",IF(G17="Positive","Abnormal","further test Required")) -> Normal | K17: =CONCATENATE(B17," ",data!C17,",",data!D17) -> Linda Scott,47
A18: 17 | B18: William | C18: Young | D18: 26 | E18: Male | F18: Chest | G18: Positive | H18: 45572 | I18: =IF(G18="Positive","Abnormal","Normal") -> Abnormal | J18: =IF(G18="Negative","Normal",IF(G18="Positive","Abnormal","further test Required")) -> Abnormal | K18: =CONCATENATE(B18," ",data!C18,",",data!D18) -> William Young,26
A19: 18 | B19: Karen | C19: Adams | D19: 51 | E19: Female | F19: Spine | G19: Negative | H19: 45299 | I19: =IF(G19="Positive","Abnormal","Normal") -> Normal | J19: =IF(G19="Negative","Normal",IF(G19="Positive","Abnormal","further test Required")) -> Normal | K19: =CONCATENATE(B19," ",data!C19,",",data!D19) -> Karen Adams,51
A20: 19 | B20: Paul | C20: Nelson | D20: 53 | E20: Male | F20: Abdomen | G20: Positive | H20: 08/15/2024 | I20: =IF(G20="Positive","Abnormal","Normal") -> Abnormal | J20: =IF(G20="Negative","Normal",IF(G20="Positive","Abnormal","further test Required")) -> Abnormal | K20: =CONCATENATE(B20," ",data!C20,",",data!D20) -> Paul Nelson,53
A21: 20 | B21: Lisa | C21: Carter | D21: 44 | E21: Female | F21: Chest | G21: Negative | H21: 45300 | I21: =IF(G21="Positive","Abnormal","Normal") -> Normal | J21: =IF(G21="Negative","Normal",IF(G21="Positive","Abnormal","further test Required")) -> Normal | K21: =CONCATENATE(B21," ",data!C21,",",data!D21) -> Lisa Carter,44
A22: 21 | B22: Brian | C22: Mitchell | D22: 29 | E22: Male | F22: Abdomen | G22: Negative | H22: 45574 | I22: =IF(G22="Positive","Abnormal","Normal") -> Normal | J22: =IF(G22="Negative","Normal",IF(G22="Positive","Abnormal","further test Required")) -> Normal | K22: =CONCATENATE(B22," ",data!C22,",",data!D22) -> Brian Mitchell,29
A23: 22 | B23: Olivia | C23: Rodriguez | D23: 62 | E23: Female | F23: Chest | G23: Positive | H23: 45301 | I23: =IF(G23="Positive","Abnormal","Normal") -> Abnormal | J23: =IF(G23="Negative","Normal",IF(G23="Positive","Abnormal","further test Required")) -> Abnormal | K23: =CONCATENATE(B23," ",data!C23,",",data!D23) -> Olivia Rodriguez,62
A24: 23 | B24: Jack | C24: Evans | D24: 36 | E24: Male | F24: Spine | G24: Inconclusive | H24: 10/15/2024 | I24: =IF(G24="Positive","Abnormal","Normal") -> Normal | J24: =IF(G24="Negative","Normal",IF(G24="Positive","Abnormal","further test Required")) -> further test Required | K24: =CONCATENATE(B24," ",data!C24,",",data!D24) -> Jack Evans,36
A25: 24 | B25: Julia | C25: Martinez | D25: 53 | E25: Female | F25: Abdomen | G25: Positive | H25: 45302 | I25: =IF(G25="Positive","Abnormal","Normal") -> Abnormal | J25: =IF(G25="Negative","Normal",IF(G25="Positive","Abnormal","further test Required")) -> Abnormal | K25: =CONCATENATE(B25," ",data!C25,",",data!D25) -> Julia Martinez,53
A26: 25 | B26: Greg | C26: Thomas | D26: 31 | E26: Male | F26: Chest | G26: Negative | H26: 45576 | I26: =IF(G26="Positive","Abnormal","Normal") -> Normal | J26: =IF(G26="Negative","Normal",IF(G26="Positive","Abnormal","further test Required")) -> Normal | K26: =CONCATENATE(B26," ",data!C26,",",data!D26) -> Greg Thomas,31
A27: 26 | B27: Anne | C27: Robinson | D27: 40 | E27: Female | F27: Abdomen | G27: Inconclusive | H27: 45303 | I27: =IF(G27="Positive","Abnormal","Normal") -> Normal | J27: =IF(G27="Negative","Normal",IF(G27="Positive","Abnormal","further test Required")) -> further test Required | K27: =CONCATENATE(B27," ",data!C27,",",data!D27) -> Anne Robinson,40
A28: 27 | B28: Jason | C28: Clark | D28: 28 | E28: Male | F28: Spine | G28: Negative | H28: 45485 | I28: =IF(G28="Positive","Abnormal","Normal") -> Normal | J28: =IF(G28="Negative","Normal",IF(G28="Positive","Abnormal","further test Required")) -> Normal | K28: =CONCATENATE(B28," ",data!C28,",",data!D28) -> Jason Clark,28
A29: 28 | B29: Margaret | C29: Davis | D29: 63 | E29: Female | F29: Chest | G29: Positive | H29: 12/15/2024 | I29: =IF(G29="Positive","Abnormal","Normal") -> Abnormal | J29: =IF(G29="Negative","Normal",IF(G29="Positive","Abnormal","further test Required")) -> Abnormal | K29: =CONCATENATE(B29," ",data!C29,",",data!D29) -> Margaret Davis,63
A30: 29 | B30: Robert | C30: Harris | D30: 50 | E30: Male | F30: Abdomen | G30: Negative | H30: 45658 | I30: =IF(G30="Positive","Abnormal","Normal") -> Normal | J30: =IF(G30="Negative","Normal",IF(G30="Positive","Abnormal","further test Required")) -> Normal | K30: =CONCATENATE(B30," ",data!C30,",",data!D30) -> Robert Harris,50
A31: 30 | B31: Alice | C31: Lee | D31: 45 | E31: Female | F31: Spine | G31: Positive | H31: 01/15/2025 | I31: =IF(G31="Positive","Abnormal","Normal") -> Abnormal | J31: =IF(G31="Negative","Normal",IF(G31="Positive","Abnormal","further test Required")) -> Abnormal | K31: =CONCATENATE(B31," ",data!C31,",",data!D31) -> Alice Lee,45

Sheet FILTER(9)
A1: Patient ID | B1: First Name | C1: Last Name | D1: Age | E1: Gender | F1: X-ray Type | G1: Result | H1: Date | I1: Condition | J1: categories | K1: Full Name + age
A2: 1 | B2: John | C2: Doe | D2: 30 | E2: Male | F2: Chest | G2: Negative | H2: 45292 | I2: =IF(G2="Positive","Abnormal","Normal") -> Normal | J2: =IF(G2="Negative","Normal",IF(G2="Positive","Abnormal","further test Required")) -> Normal | K2: =CONCATENATE(B2," ",data!C2,",",data!D2) -> John Doe,30
A3: 2 | B3: Jane | C3: Smith | D3: 42 | E3: Female | F3: Abdomen | G3: Positive | H3: 45352 | I3: =IF(G3="Positive","Abnormal","Normal") -> Abnormal | J3: =IF(G3="Negative","Normal",IF(G3="Positive","Abnormal","further test Required")) -> Abnormal | K3: =CONCATENATE(B3," ",data!C3,",",data!D3) -> Jane Smith,42
A4: 3 | B4: Mike | C4: Johnson | D4: 22 | E4: Male | F4: Chest | G4: Positive | H4: 45413 | I4: =IF(G4="Positive","Abnormal","Normal") -> Abnormal | J4: =IF(G4="Negative","Normal",IF(G4="Positive","Abnormal","further test Required")) -> Abnormal | K4: =CONCATENATE(B4," ",data!C4,",",data!D4) -> Mike Johnson,22
A5: 4 | B5: Mary | C5: Brown | D5: 60 | E5: Female | F5: Chest | G5: Negative | H5: 45293 | I5: =IF(G5="Positive","Abnormal","Normal") -> Normal | J5: =IF(G5="Negative","Normal",IF(G5="Positive","Abnormal","further test Required")) -> Normal | K5: =CONCATENATE(B5," ",data!C5,",",data!D5) -> Mary Brown,60
A6: 5 | B6: Steve | C6: White | D6: 35 | E6: Male | F6: Spine | G6: Negative | H6: 45475 | I6: =IF(G6="Positive","Abnormal","Normal") -> Normal | J6: =IF(G6="Negative","Normal",IF(G6="Positive","Abnormal","further test Required")) -> Normal | K6: =CONCATENATE(B6," ",data!C6,",",data!D6) -> Steve White,35
A7: 6 | B7: Susan | C7: Clark | D7: 50 | E7: Female | F7: Abdomen | G7: Inconclusive | H7: 45567 | I7: =IF(G7="Positive","Abnormal","Normal") -> Normal | J7: =IF(G7="Negative","Normal",IF(G7="Positive","Abnormal","further test Required")) -> further test Required | K7: =CONCATENATE(B7," ",data!C7,",",data!D7) -> Susan Clark,50
A8: 7 | B8: Alan | C8: Lewis | D8: 28 | E8: Male | F8: Chest | G8: Negative | H8: 45294 | I8: =IF(G8="Positive","Abnormal","Normal") -> Normal | J8: =IF(G8="Negative","Normal",IF(G8="Positive","Abnormal","further test Required")) -> Normal | K8: =CONCATENATE(B8," ",data!C8,",",data!D8) -> Alan Lewis,28
A9: 8 | B9: Nancy | C9: Harris | D9: 45 | E9: Female | F9: Chest | G9: Positive | H9: 03/15/2024 | I9: =IF(G9="Positive","Abnormal","Normal") -> Abnormal | J9: =IF(G9="Negative","Normal",IF(G9="Positive","Abnormal","further test Required")) -> Abnormal | K9: =CONCATENATE(B9," ",data!C9,",",data!D9) -> Nancy Harris,45
A10: 9 | B10: Tom | C10: Martin | D10: 33 | E10: Male | F10: Abdomen | G10: Negative | H10: 45295 | I10: =IF(G10="Positive","Abnormal","Normal") -> Normal | J10: =IF(G10="Negative","Normal",IF(G10="Positive","Abnormal","further test Required")) -> Normal | K10: =CONCATENATE(B10," ",data!C10,",",data!D10) -> Tom Martin,33
A11: 10 | B11: Rita | C11: Carter | D11: 56 | E11: Female | F11: Spine | G11: Positive | H11: 45569 | I11: =IF(G11="Positive","Abnormal","Normal") -> Abnormal | J11: =IF(G11="Negative","Normal",IF(G11="Positive","Abnormal","further test Required")) -> Abnormal | K11: =CONCATENATE(B11," ",data!C11,",",data!D11) -> Rita Carter,56
A12: 11 | B12: James | C12: Walker | D12: 29 | E12: Male | F12: Chest | G12: Negative | H12: 04/15/2024 | I12: =IF(G12="Positive","Abnormal","Normal") -> Normal | J12: =IF(G12="Negative","Normal",IF(G12="Positive","Abnormal","further test Required")) -> Normal | K12: =CONCATENATE(B12," ",data!C12,",",data!D12) -> James Walker,29
A13: 12 | B13: Emily | C13: Perez | D13: 40 | E13: Female | F13: Abdomen | G13: Positive | H13: 45296 | I13: =IF(G13="Positive","Abnormal","Normal") -> Abnormal | J13: =IF(G13="Negative","Normal",IF(G13="Positive","Abnormal","further test Required")) -> Abnormal | K13: =CONCATENATE(B13," ",data!C13,",",data!D13) -> Emily Perez,40
A14: 13 | B14: Mark | C14: Evans | D14: 65 | E14: Male | F14: Chest | G14: Inconclusive | H14: 05/15/2024 | I14: =IF(G14="Positive","Abnormal","Normal") -> Normal | J14: =IF(G14="Negative","Normal",IF(G14="Positive","Abnormal","further test Required")) -> further test Required | K14: =CONCATENATE(B14," ",data!C14,",",data!D14) -> Mark Evans,65
A15: 14 | B15: Sarah | C15: Allen | D15: 38 | E15: Female | F15: Spine | G15: Negative | H15: 45297 | I15: =IF(G15="Positive","Abnormal","Normal") -> Normal | J15: =IF(G15="Negative","Normal",IF(G15="Positive","Abnormal","further test Required")) -> Normal | K15: =CONCATENATE(B15," ",data!C15,",",data!D15) -> Sarah Allen,38
A16: 15 | B16: David | C16: King | D16: 72 | E16: Male | F16: Abdomen | G16: Positive | H16: 06/15/2024 | I16: =IF(G16="Positive","Abnormal","Normal") -> Abnormal | J16: =IF(G16="Negative","Normal",IF(G16="Positive","Abnormal","further test Required")) -> Abnormal | K16: =CONCATENATE(B16," ",data!C16,",",data!D16) -> David King,72
A17: 16 | B17: Linda | C17: Scott | D17: 47 | E17: Female | F17: Chest | G17: Negative | H17: 45298 | I17: =IF(G17="Positive","Abnormal","Normal") -> Normal | J17: =IF(G17="Negative","Normal",IF(G17="Positive","Abnormal","further test Required")) -> Normal | K17: =CONCATENATE(B17," ",data!C17,",",data!D17) -> Linda Scott,47
A18: 17 | B18: William | C18: Young | D18: 26 | E18: Male | F18: Chest | G18: Positive | H18: 45572 | I18: =IF(G18="Positive","Abnormal","Normal") -> Abnormal | J18: =IF(G18="Negative","Normal",IF(G18="Positive","Abnormal","further test Required")) -> Abnormal | K18: =CONCATENATE(B18," ",data!C18,",",data!D18) -> William Young,26
A19: 18 | B19: Karen | C19: Adams | D19: 51 | E19: Female | F19: Spine | G19: Negative | H19: 45299 | I19: =IF(G19="Positive","Abnormal","Normal") -> Normal | J19: =IF(G19="Negative","Normal",IF(G19="Positive","Abnormal","further test Required")) -> Normal | K19: =CONCATENATE(B19," ",data!C19,",",data!D19) -> Karen Adams,51
A20: 19 | B20: Paul | C20: Nelson | D20: 53 | E20: Male | F20: Abdomen | G20: Positive | H20: 08/15/2024 | I20: =IF(G20="Positive","Abnormal","Normal") -> Abnormal | J20: =IF(G20="Negative","Normal",IF(G20="Positive","Abnormal","further test Required")) -> Abnormal | K20: =CONCATENATE(B20," ",data!C20,",",data!D20) -> Paul Nelson,53
A21: 20 | B21: Lisa | C21: Carter | D21: 44 | E21: Female | F21: Chest | G21: Negative | H21: 45300 | I21: =IF(G21="Positive","Abnormal","Normal") -> Normal | J21: =IF(G21="Negative","Normal",IF(G21="Positive","Abnormal","further test Required")) -> Normal | K21: =CONCATENATE(B21," ",data!C21,",",data!D21) -> Lisa Carter,44
A22: 21 | B22: Brian | C22: Mitchell | D22: 29 | E22: Male | F22: Abdomen | G22: Negative | H22: 45574 | I22: =IF(G22="Positive","Abnormal","Normal") -> Normal | J22: =IF(G22="Negative","Normal",IF(G22="Positive","Abnormal","further test Required")) -> Normal | K22: =CONCATENATE(B22," ",data!C22,",",data!D22) -> Brian Mitchell,29
A23: 22 | B23: Olivia | C23: Rodriguez | D23: 62 | E23: Female | F23: Chest | G23: Positive | H23: 45301 | I23: =IF(G23="Positive","Abnormal","Normal") -> Abnormal | J23: =IF(G23="Negative","Normal",IF(G23="Positive","Abnormal","further test Required")) -> Abnormal | K23: =CONCATENATE(B23," ",data!C23,",",data!D23) -> Olivia Rodriguez,62
A24: 23 | B24: Jack | C24: Evans | D24: 36 | E24: Male | F24: Spine | G24: Inconclusive | H24: 10/15/2024 | I24: =IF(G24="Positive","Abnormal","Normal") -> Normal | J24: =IF(G24="Negative","Normal",IF(G24="Positive","Abnormal","further test Required")) -> further test Required | K24: =CONCATENATE(B24," ",data!C24,",",data!D24) -> Jack Evans,36
A25: 24 | B25: Julia | C25: Martinez | D25: 53 | E25: Female | F25: Abdomen | G25: Positive | H25: 45302 | I25: =IF(G25="Positive","Abnormal","Normal") -> Abnormal | J25: =IF(G25="Negative","Normal",IF(G25="Positive","Abnormal","further test Required")) -> Abnormal | K25: =CONCATENATE(B25," ",data!C25,",",data!D25) -> Julia Martinez,53
A26: 25 | B26: Greg | C26: Thomas | D26: 31 | E26: Male | F26: Chest | G26: Negative | H26: 45576 | I26: =IF(G26="Positive","Abnormal","Normal") -> Normal | J26: =IF(G26="Negative","Normal",IF(G26="Positive","Abnormal","further test Required")) -> Normal | K26: =CONCATENATE(B26," ",data!C26,",",data!D26) -> Greg Thomas,31
A27: 26 | B27: Anne | C27: Robinson | D27: 40 | E27: Female | F27: Abdomen | G27: Inconclusive | H27: 45303 | I27: =IF(G27="Positive","Abnormal","Normal") -> Normal | J27: =IF(G27="Negative","Normal",IF(G27="Positive","Abnormal","further test Required")) -> further test Required | K27: =CONCATENATE(B27," ",data!C27,",",data!D27) -> Anne Robinson,40
A28: 27 | B28: Jason | C28: Clark | D28: 28 | E28: Male | F28: Spine | G28: Negative | H28: 45485 | I28: =IF(G28="Positive","Abnormal","Normal") -> Normal | J28: =IF(G28="Negative","Normal",IF(G28="Positive","Abnormal","further test Required")) -> Normal | K28: =CONCATENATE(B28," ",data!C28,",",data!D28) -> Jason Clark,28
A29: 28 | B29: Margaret | C29: Davis | D29: 63 | E29: Female | F29: Chest | G29: Positive | H29: 12/15/2024 | I29: =IF(G29="Positive","Abnormal","Normal") -> Abnormal | J29: =IF(G29="Negative","Normal",IF(G29="Positive","Abnormal","further test Required")) -> Abnormal | K29: =CONCATENATE(B29," ",data!C29,",",data!D29) -> Margaret Davis,63
A30: 29 | B30: Robert | C30: Harris | D30: 50 | E30: Male | F30: Abdomen | G30: Negative | H30: 45658 | I30: =IF(G30="Positive","Abnormal","Normal") -> Normal | J30: =IF(G30="Negative","Normal",IF(G30="Positive","Abnormal","further test Required")) -> Normal | K30: =CONCATENATE(B30," ",data!C30,",",data!D30) -> Robert Harris,50
A31: 30 | B31: Alice | C31: Lee | D31: 45 | E31: Female | F31: Spine | G31: Positive | H31: 01/15/2025 | I31: =IF(G31="Positive","Abnormal","Normal") -> Abnormal | J31: =IF(G31="Negative","Normal",IF(G31="Positive","Abnormal","further test Required")) -> Abnormal | K31: =CONCATENATE(B31," ",data!C31,",",data!D31) -> Alice Lee,45

Sheet questions
A1: 1. Total X-rays for Patients Under 40
A3: Calculate the total number of X-rays performed on patients under the age of 40. | I3: =COUNTIF(data!D:D,"<40") -> 12
A5: 2. Average X-rays for Female Patients with Chest X-rays
A7: Find the average number of X-rays for female patients with "Chest" as the type of X-ray. | J7: =COUNTIFS(data!E:E,"Female",data!F:F,"Chest")/COUNTIF(data!E:E,"Female") -> 0.4
A9: 3. Count of Chest X-rays
A11: Count how many "Chest" X-rays were performed. | G11: =COUNTIF(data!F:F,"Chest") -> 13
A13: 4. Count of Chest X-rays for Males Under 30
A15: Count the number of "Chest" X-rays performed for male patients under 30 years old. | I15: =COUNTIFS(data!E:E,"Male",data!F:F,"Chest",data!D:D,"<30") -> 4
A17: 5. Count of Chest or Abdomen X-rays
A19: Count how many "Chest" or "Abdomen" X-rays were performed. | H19: =COUNTIF(data!F:F,"Chest")+ COUNTIF(data!F:F,"Abdomen") -> 23
A21: 6. Determine X-ray Result (Normal/Abnormal)
A23: Determine if an X-ray result was "Normal" or "Abnormal" based on the result column (e.g., if the result is "Positive", return "Abnormal", otherwise return "Normal").
A25: 7. Categorize X-ray Results
A27: Categorize the type of X-ray result as:
A28: "Normal" for "Negative"
A29: "Abnormal" for "Positive"
A30: "Further Tests Required" for "Inconclusive"
A32: 8. List All X-ray Types | H32: {=_xlfn.UNIQUE(data!F2:F31)} -> Chest
H33: Abdomen
A34: List all the different types of X-rays performed in your dataset. | H34: Spine
A36: 9. Filter Data for Patients Over 50 with Abnormal Results
A38: Show only the rows where the patient age is greater than 50 and the X-ray result is "Abnormal".
A40: 10. Extract X-ray Type (e.g., Chest)
A42: Extract the first part of the X-ray type (e.g., for "Chest X-ray", return "Chest").
A44: 11. Combine Patient Information
A46: Combine the patient's first name, last name, and age into one cell in the format: "John Doe, 30".
