Workbook

Sheet DATA
A1: Id | C1: Department | D1: HELPER | E1: SALARY | F1: Budget 2024 | G1: Actual 2024 | H1: Variance | I1: Email ID | J1: BUDGET+ VARIANCE
A2: 1007 | B2: ABCD | C2: Sales | D2: =CONCATENATE(C2," ",B2) -> Sales ABCD | E2: 17000 | F2: 1000000 | G2: 950000 | H2: -50000 | I2: =IF(C2="Sales","sales@gmail.com",IF(C2="HR","hrmanger@gmail.com",IF(C2="it","itmanger@gmail.com",IF(C2="finance","financemanger@gmail.com",IF(C2="marketing","marketingmanger@gmail.com"))))) -> sales@gmail.com | J2: =CONCATENATE(F2," , ",G2) -> 1000000 , 950000
A3: 1008 | B3: PQR | C3: HR | D3: =CONCATENATE(C3," ",B3) -> HR PQR | E3: 18000 | F3: 500000 | G3: 480000 | H3: -20000 | I3: =IF(C3="Sales","sales@gmail.com",IF(C3="HR","hrmanger@gmail.com",IF(C3="it","itmanger@gmail.com",IF(C3="finance","financemanger@gmail.com",IF(C3="marketing","marketingmanger@gmail.com"))))) -> hrmanger@gmail.com | J3: =CONCATENATE(F3," , ",G3) -> 500000 , 480000
A4: 1009 | C4: IT | E4: 19000 | F4: 1200000 | G4: 1250000 | H4: 50000 | I4: =IF(C4="Sales","sales@gmail.com",IF(C4="HR","hrmanger@gmail.com",IF(C4="it","itmanger@gmail.com",IF(C4="finance","financemanger@gmail.com",IF(C4="marketing","marketingmanger@gmail.com"))))) -> itmanger@gmail.com | J4: =CONCATENATE(F4," , ",G4) -> 1200000 , 1250000
A5: 1010 | C5: Finance | E5: 20000 | F5: 800000 | G5: 810000 | H5: 10000 | I5: =IF(C5="Sales","sales@gmail.com",IF(C5="HR","hrmanger@gmail.com",IF(C5="it","itmanger@gmail.com",IF(C5="finance","financemanger@gmail.com",IF(C5="marketing","marketingmanger@gmail.com"))))) -> financemanger@gmail.com | J5: =CONCATENATE(F5," , ",G5) -> 800000 , 810000
A6: 1011 | C6: Marketing | E6: 21000 | F6: 600000 | G6: 650000 | H6: 50000 | I6: =IF(C6="Sales","sales@gmail.com",IF(C6="HR","hrmanger@gmail.com",IF(C6="it","itmanger@gmail.com",IF(C6="finance","financemanger@gmail.com",IF(C6="marketing","marketingmanger@gmail.com"))))) -> marketingmanger@gmail.com | J6: =CONCATENATE(F6," , ",G6) -> 600000 , 650000
A7: 1012 | C7: IT | E7: 22000 | F7: 700000 | G7: 700000 | H7: 0 | I7: =IF(C7="Sales","sales@gmail.com",IF(C7="HR","hrmanger@gmail.com",IF(C7="it","itmanger@gmail.com",IF(C7="finance","financemanger@gmail.com",IF(C7="marketing","marketingmanger@gmail.com"))))) -> itmanger@gmail.com | J7: =CONCATENATE(F7," , ",G7) -> 700000 , 700000
A8: 1013 | C8: HR | E8: 23000 | F8: 450000 | G8: 460000 | H8: 10000 | I8: =IF(C8="Sales","sales@gmail.com",IF(C8="HR","hrmanger@gmail.com",IF(C8="it","itmanger@gmail.com",IF(C8="finance","financemanger@gmail.com",IF(C8="marketing","marketingmanger@gmail.com"))))) -> hrmanger@gmail.com | J8: =CONCATENATE(F8," , ",G8) -> 450000 , 460000
A9: 1014 | C9: Sales | E9: 24000 | F9: 750000 | G9: 700000 | H9: -50000 | I9: =IF(C9="Sales","sales@gmail.com",IF(C9="HR","hrmanger@gmail.com",IF(C9="it","itmanger@gmail.com",IF(C9="finance","financemanger@gmail.com",IF(C9="marketing","marketingmanger@gmail.com"))))) -> sales@gmail.com | J9: =CONCATENATE(F9," , ",G9) -> 750000 , 700000
A10: 1015 | C10: Finance | E10: 25000 | F10: 950000 | G10: 930000 | H10: -20000 | I10: =IF(C10="Sales","sales@gmail.com",IF(C10="HR","hrmanger@gmail.com",IF(C10="it","itmanger@gmail.com",IF(C10="finance","financemanger@gmail.com",IF(C10="marketing","marketingmanger@gmail.com"))))) -> financemanger@gmail.com | J10: =CONCATENATE(F10," , ",G10) -> 950000 , 930000
A11: 1016 | C11: Marketing | E11: 26000 | F11: 620000 | G11: 620000 | H11: 0 | I11: =IF(C11="Sales","sales@gmail.com",IF(C11="HR","hrmanger@gmail.com",IF(C11="it","itmanger@gmail.com",IF(C11="finance","financemanger@gmail.com",IF(C11="marketing","marketingmanger@gmail.com"))))) -> marketingmanger@gmail.com | J11: =CONCATENATE(F11," , ",G11) -> 620000 , 620000
A12: 1017 | C12: IT | E12: 27000 | F12: 500000 | G12: 540000 | H12: 40000 | I12: =IF(C12="Sales","sales@gmail.com",IF(C12="HR","hrmanger@gmail.com",IF(C12="it","itmanger@gmail.com",IF(C12="finance","financemanger@gmail.com",IF(C12="marketing","marketingmanger@gmail.com"))))) -> itmanger@gmail.com | J12: =CONCATENATE(F12," , ",G12) -> 500000 , 540000
A13: 1018 | C13: Sales | E13: 28000 | F13: 800000 | G13: 850000 | H13: 50000 | I13: =IF(C13="Sales","sales@gmail.com",IF(C13="HR","hrmanger@gmail.com",IF(C13="it","itmanger@gmail.com",IF(C13="finance","financemanger@gmail.com",IF(C13="marketing","marketingmanger@gmail.com"))))) -> sales@gmail.com | J13: =CONCATENATE(F13," , ",G13) -> 800000 , 850000
A14: 1019 | C14: HR | E14: 29000 | F14: 520000 | G14: 510000 | H14: -10000 | I14: =IF(C14="Sales","sales@gmail.com",IF(C14="HR","hrmanger@gmail.com",IF(C14="it","itmanger@gmail.com",IF(C14="finance","financemanger@gmail.com",IF(C14="marketing","marketingmanger@gmail.com"))))) -> hrmanger@gmail.com | J14: =CONCATENATE(F14," , ",G14) -> 520000 , 510000
A15: 1020 | C15: IT | E15: 30000 | F15: 600000 | G15: 580000 | H15: -20000 | I15: =IF(C15="Sales","sales@gmail.com",IF(C15="HR","hrmanger@gmail.com",IF(C15="it","itmanger@gmail.com",IF(C15="finance","financemanger@gmail.com",IF(C15="marketing","marketingmanger@gmail.com"))))) -> itmanger@gmail.com | J15: =CONCATENATE(F15," , ",G15) -> 600000 , 580000
... A45: 1050 | C45: HR | E45: 60000 | F45: 500000 | G45: 490000 | H45: -10000 | I45: =IF(C45="Sales","sales@gmail.com",IF(C45="HR","hrmanger@gmail.com",IF(C45="it","itmanger@gmail.com",IF(C45="finance","financemanger@gmail.com",IF(C45="marketing","marketingmanger@gmail.com"))))) -> hrmanger@gmail.com | J45: =CONCATENATE(F45," , ",G45) -> 500000 , 490000

Sheet QUESTIONS ON BOTH THE SHEETS 
A1: Find Employee Information Using Employee ID:
A3: Example: What is the salary of the employee with ID 1023? | B3: =VLOOKUP(DATA!A18,DATA!A:H,3,0) -> HR
A5: Find Department Budget Information:
A7: Example: What is the budget for the Marketing department in 2024? | B7: =SUMIF(DATA!C:C,"Marketing",DATA!F:F) -> 4450000
A9: Find Variance for IT Department:
A11: Example: What is the variance for IT in 2024? | B11: =SUMIF(DATA!C:C,"IT",DATA!H:H) -> 170000
A13: Employee Name and Department from Employee ID:
B14: Department
A15: Example: What is the name and department of the employee with ID 1007? | B15: =VLOOKUP(DATA!A2,DATA!A:H,3,0) -> Sales | C15: =VLOOKUP(DATA!A2,DATA!A:H,2,0) -> ABCD | D15: =VLOOKUP(DATA!A2,DATA!A:G,4,0) -> Sales ABCD
A17: Find Employee’s Email Based on Job Title:
A19: Example: What is the email of the Sales Manager? | B19: =INDEX(DATA!I:I,MATCH(DATA!C2,DATA!C:C,0)) -> sales@gmail.com
A21: Find the Actual Spending for Finance in 2024:
A23: Example: What is the actual spending for the Finance department in 2024? | B23: =SUMIF(DATA!C:C,"Finance",DATA!G:G) -> 6110000
A25: Find Variance Based on Department:
A27: Example: What is the variance for the Sales department in 2024? | B27: =SUMIF(DATA!C:C,"sales",DATA!H:H) -> -50000
A29: Retrieve Department’s Actual Budget and Variance Together:
B30: Actual Budget | C30: Variance
A31: Example: What is the Actual spending and Variance for the HR department in 2024? | B31: =SUMIF(DATA!C:C,"hr",DATA!F:F) -> 4990000 | C31: =SUMIF(DATA!C:C,"hr",DATA!H:H) -> -70000
